set,count,percentage
set00,2747,20.635516826923077
set01,2140,16.075721153846153
set02,2873,21.58203125
set03,1850,13.897235576923078
set04,2539,19.073016826923077
set05,1163,8.736478365384617
