metric,count,mean,std,min,25%,50%,75%,max
width,13312.0,0.0665319589468149,0.05454578607567512,0.029687500000000002,0.0390625,0.0546875,0.0734375,0.7703125000000001
height,13312.0,0.16130960904634917,0.08372029584751449,0.048828125,0.103515625,0.13671875,0.197265625,0.583984375
