set,person_count,percentage
set00,2071,19.9942073759413
set01,1613,15.572504344468044
set02,2484,23.981463603012166
set03,1567,15.128403166634484
set04,1605,15.49526935701873
set05,1018,9.828152152925275
