V,person_count,percentage
V000,3327,32.12010040548368
V001,3561,34.37922378837614
V002,794,7.6655725043444685
V003,1025,9.895732766943425
V004,661,6.381540837999614
V005,69,0.6661517667503379
V006,133,1.284031666344854
V007,276,2.6646070670013517
V008,512,4.94303919675613
